tar_name,filepath,hash
timeseries_png_c4e21fd4,3_visualize/out/timeseries_AK.png,af4237f24ec67596
timeseries_png_b607874b,3_visualize/out/timeseries_AL.png,8bbb9e4a356bde8d
timeseries_png_0119a9f4,3_visualize/out/timeseries_AR.png,aad96e50ac4d39ad
timeseries_png_59ee90ab,3_visualize/out/timeseries_AZ.png,77c006965a12483c
timeseries_png_08278b8c,3_visualize/out/timeseries_CA.png,1208c9b47c89bc10
timeseries_png_a407b3c2,3_visualize/out/timeseries_CO.png,ac4dbff543231b6e
timeseries_png_0f40619c,3_visualize/out/timeseries_CT.png,bedec5c69bd1ec22
timeseries_png_7fd1bf6d,3_visualize/out/timeseries_DC.png,9dd77205caee06ca
timeseries_png_3494ee4b,3_visualize/out/timeseries_DE.png,cd88a35bbd758ea2
timeseries_png_19d44ddf,3_visualize/out/timeseries_FL.png,2b62c00ac416de81
timeseries_png_3e519a96,3_visualize/out/timeseries_GA.png,97a8070e5e91a3ab
timeseries_png_e9bd05c0,3_visualize/out/timeseries_GU.png,4d9553657e420acd
timeseries_png_276e27e8,3_visualize/out/timeseries_HI.png,ee27a688e0e891e5
timeseries_png_831f37d1,3_visualize/out/timeseries_IA.png,74c9716c279d086b
timeseries_png_14f9f9fa,3_visualize/out/timeseries_ID.png,73ee4418f83b6a65
timeseries_png_812c3aad,3_visualize/out/timeseries_IL.png,c86d79dd8028692a
timeseries_png_f851c620,3_visualize/out/timeseries_IN.png,29b6c9e28275db48
timeseries_png_80f7137b,3_visualize/out/timeseries_KS.png,2be42fc8b7805e86
timeseries_png_ab386f1d,3_visualize/out/timeseries_KY.png,91195a6d96473a67
timeseries_png_9fc3baa7,3_visualize/out/timeseries_LA.png,fc2d92dae7efda4c
timeseries_png_2e50efde,3_visualize/out/timeseries_MA.png,21bbc8bc084ab8a4
timeseries_png_43344aca,3_visualize/out/timeseries_MD.png,e94d1c37e03d584e
timeseries_png_88e6bee5,3_visualize/out/timeseries_ME.png,8dc87e8a04cb79d3
timeseries_png_32857832,3_visualize/out/timeseries_MI.png,187e2e7ff222f7dd
timeseries_png_f4a23759,3_visualize/out/timeseries_MN.png,8d58e00267edb4ac
timeseries_png_5dde13f6,3_visualize/out/timeseries_MO.png,271fbcdc06789b0f
timeseries_png_fdec3d69,3_visualize/out/timeseries_MS.png,b57f8b0b909e86d7
timeseries_png_552c94c3,3_visualize/out/timeseries_MT.png,ec8636292e20f2ae
timeseries_png_ef736bce,3_visualize/out/timeseries_NC.png,087e876b8268988f
timeseries_png_fe1493be,3_visualize/out/timeseries_ND.png,6136bfee984cc8e6
timeseries_png_8749440b,3_visualize/out/timeseries_NE.png,3e024bbd2bd8198b
timeseries_png_ad6b3c9c,3_visualize/out/timeseries_NH.png,5d0034d5aa119ed3
timeseries_png_d556b6bd,3_visualize/out/timeseries_NJ.png,2dd4c3c77f80e2cb
timeseries_png_c113eb5a,3_visualize/out/timeseries_NM.png,a29de9a48c8554a0
timeseries_png_7ac49ebd,3_visualize/out/timeseries_NV.png,91054c268d206b1a
timeseries_png_99a344fa,3_visualize/out/timeseries_NY.png,674b80bef41436e9
timeseries_png_ff0e276b,3_visualize/out/timeseries_OH.png,de44b029f498fe51
timeseries_png_053efca7,3_visualize/out/timeseries_OK.png,8b572c2d9320b768
timeseries_png_ff35b0ca,3_visualize/out/timeseries_OR.png,84f8607c326d3cdc
timeseries_png_78fab59c,3_visualize/out/timeseries_PA.png,d462779951f87269
timeseries_png_db22fe3a,3_visualize/out/timeseries_PR.png,d3b807c9f758790d
timeseries_png_b35d51c3,3_visualize/out/timeseries_RI.png,f76ea529dc7e5b28
timeseries_png_43026097,3_visualize/out/timeseries_SC.png,ba8c5c072978f278
timeseries_png_7e370fb5,3_visualize/out/timeseries_SD.png,415d940dd3a9b183
timeseries_png_423082bb,3_visualize/out/timeseries_TN.png,839e81ee1dfd2aa5
timeseries_png_fcfd44df,3_visualize/out/timeseries_TX.png,299f4110d98c550e
timeseries_png_d755e4a3,3_visualize/out/timeseries_UT.png,bbd4b3245d929b7e
timeseries_png_05b27b1f,3_visualize/out/timeseries_VA.png,dbf72a229e103fcf
timeseries_png_dbe16a35,3_visualize/out/timeseries_VT.png,e2dc23eb36a387fa
timeseries_png_14db8ab2,3_visualize/out/timeseries_WA.png,f601c8cc39279fb3
timeseries_png_b187b45a,3_visualize/out/timeseries_WI.png,065dfa77d32f2c97
timeseries_png_b48479c0,3_visualize/out/timeseries_WV.png,2c003cfc826ccfa4
timeseries_png_afc9b9a8,3_visualize/out/timeseries_WY.png,cc2b545be03744ad
